City_ID,City,Lat,Lng,Max Temp,Humidity,Cloudiness,Wind Speed,Country,Date
0,nova sintra,14.8667,-24.7167,25.5,77,45,3.78,CV,1723137279
1,talnakh,69.4865,88.3972,11.62,61,5,4.84,RU,1723137280
2,bredasdorp,-34.5322,20.0403,11.71,79,23,3.51,ZA,1723137282
3,papatowai,-46.5619,169.4708,6.88,89,99,1.37,NZ,1723137283
4,katsuren-haebaru,26.3369,127.8719,28.43,90,0,2.06,JP,1723137284
5,patterson,37.4716,-121.1297,31.95,16,0,2.07,US,1723137240
6,rongelap,11.1635,166.8941,28.24,74,97,7.38,MH,1723137286
7,bilibino,68.0546,166.4372,4.45,71,85,2.08,RU,1723137287
8,tiksi,71.6872,128.8694,6.32,89,100,5.04,RU,1723137288
9,ushuaia,-54.8,-68.3,3.96,94,88,2.96,AR,1723136977
10,kimbe,-5.5502,150.1429,23.74,93,97,2.56,PG,1723137292
11,bengkulu,-3.8004,102.2655,25.74,84,100,2.77,ID,1723137293
12,encheng,22.1839,112.3026,26.36,91,53,2.5,CN,1723137294
13,aasiaat,68.7098,-52.8699,3.52,91,99,3.43,GL,1723137295
14,arraial do cabo,-22.9661,-42.0278,33.98,45,0,3.6,BR,1723137296
15,bonthe,7.5264,-12.505,25.49,75,100,3.75,SL,1723137297
16,west island,-12.1568,96.8225,26.99,83,20,4.12,CC,1723137298
17,howard springs,-12.497,131.047,21.04,69,13,1.89,AU,1723137300
18,mount isa,-20.7333,139.5,16.87,31,0,4.63,AU,1723137301
19,puerto natales,-51.7236,-72.4875,11.25,62,40,1.03,CL,1723137302
20,cabo san lucas,22.8909,-109.9124,32.17,51,0,6.69,MX,1723137087
21,usogorsk,63.4106,48.6872,15.34,60,2,1.16,RU,1723137304
22,grytviken,-54.2811,-36.5092,-9.75,77,82,6.81,GS,1723137305
23,adamstown,-25.066,-130.1015,21.25,72,94,9.03,PN,1723137306
24,alofi,-19.0595,-169.9187,19.94,73,75,2.06,NU,1723137307
25,san vicente de canete,-13.0751,-76.3835,18.09,73,78,3.69,PE,1723137308
26,hawaiian paradise park,19.5933,-154.9731,21.73,94,40,3.09,US,1723137309
27,wailua homesteads,22.0669,-159.378,24.44,91,40,4.12,US,1723137310
28,banff,51.1762,-115.5698,13.21,71,1,1.03,CA,1723137311
29,ketchikan,55.3422,-131.6461,19.26,68,0,3.6,US,1723137312
30,auki,-8.7676,160.7034,24.35,94,100,0.93,SB,1723137314
31,namtsy,62.7161,129.6658,10.64,76,83,0.31,RU,1723137315
32,holualoa,19.6228,-155.9522,23.91,79,100,0.0,US,1723137018
33,port elizabeth,-33.918,25.5701,16.29,92,20,5.66,ZA,1723137317
34,busca,44.5181,7.4743,29.49,60,61,1.54,IT,1723137318
35,hastings,50.8552,0.5729,18.04,82,80,7.02,GB,1723137319
36,moroto,2.5345,34.6666,21.43,71,54,1.79,UG,1723137320
37,thompson,55.7435,-97.8558,17.09,51,40,5.14,CA,1723137321
38,partenit,44.578,34.3446,24.21,67,44,0.84,UA,1723137322
39,tura,25.5198,90.2201,24.03,98,99,3.47,IN,1723137323
40,blackmans bay,-43.0167,147.3167,9.29,78,100,1.34,AU,1723137325
41,port-aux-francais,-49.35,70.2167,1.35,71,99,11.55,TF,1723137327
42,albany,42.6001,-73.9662,22.12,78,95,4.9,US,1723137224
43,bodo,67.28,14.405,23.02,59,75,5.14,NO,1723137329
44,iqaluit,63.7506,-68.5145,12.61,58,100,5.81,CA,1723137330
45,edinburgh of the seven seas,-37.0676,-12.3116,11.53,89,100,15.28,SH,1723137332
46,bikenibeu village,1.3673,173.1241,27.98,74,75,1.54,KI,1723137333
47,kodiak,57.79,-152.4072,12.73,88,75,2.06,US,1723137334
48,ola,59.5833,151.2833,11.91,94,73,0.74,RU,1723137335
49,invercargill,-46.4,168.35,4.45,97,100,0.45,NZ,1723137336
50,rancho palos verdes,33.7445,-118.387,23.55,79,20,2.24,US,1723137337
51,lillehammer,61.1146,10.4674,16.06,85,97,2.36,NO,1723137339
52,beruniy,41.6911,60.7525,30.98,48,0,4.12,UZ,1723137341
53,nar'yan-mar,67.6713,53.087,10.66,70,2,3.4,RU,1723137342
54,alice springs,-23.7,133.8833,9.75,66,0,2.06,AU,1723137343
55,nemuro,43.3236,145.575,18.38,100,100,4.39,JP,1723137344
56,dudinka,69.4058,86.1778,10.44,65,0,7.32,RU,1723137345
57,saint-philippe,-21.3585,55.7679,21.3,78,83,5.65,RE,1723137346
58,waitangi,-43.9535,-176.5597,7.68,95,81,6.96,NZ,1723137347
59,gao,16.6362,1.637,35.76,32,100,2.6,ML,1723137348
60,qaqortoq,60.7167,-46.0333,7.3,91,100,1.5,GL,1723137349
61,isangel,-19.55,169.2667,20.03,83,51,3.31,VU,1723137350
62,margaret river,-33.95,115.0667,15.2,80,100,3.68,AU,1723137351
63,qarazhal,48.0078,70.7903,27.31,40,94,3.65,KZ,1723137352
64,isafjordur,66.0755,-23.124,8.02,87,100,7.2,IS,1723137353
65,qamdo,31.1667,97.2333,8.83,85,100,3.01,CN,1723137355
66,mata-utu,-13.2816,-176.1745,25.47,74,95,9.98,WF,1723137356
67,kone,-21.0595,164.8658,16.65,90,0,2.14,NC,1723137357
68,ilulissat,69.2167,-51.1,7.01,87,75,2.06,GL,1723137358
69,college,64.8569,-147.8028,16.99,84,100,1.54,US,1723137096
70,joao pinheiro,-17.7425,-46.1725,29.05,29,12,3.89,BR,1723137360
71,uspenka,48.3903,39.1619,23.82,39,48,3.18,UA,1723137361
72,dattapur,20.7667,78.1667,23.88,92,99,2.42,IN,1723137362
73,san felice circeo,41.2372,13.0942,28.27,72,0,7.06,IT,1723137363
74,neyriz,29.1988,54.3278,32.28,17,0,4.21,IR,1723137364
75,ponta delgada,37.7333,-25.6667,26.4,57,20,5.66,PT,1723137365
76,xilin hot,43.9667,116.0333,23.14,63,100,1.64,CN,1723137366
77,sainte-rose,16.3324,-61.6979,32.02,62,75,5.66,GP,1723137368
78,hadibu,12.65,54.0333,25.51,81,17,6.85,YE,1723137369
79,saynshand,44.8824,110.1163,22.77,54,98,11.09,MN,1723137370
80,yellowknife,62.456,-114.3525,19.67,65,20,7.2,CA,1723137371
81,al hazm,16.1641,44.7769,30.99,38,71,6.03,YE,1723137373
82,vikulovo,56.8167,70.6107,9.9,85,4,3.36,RU,1723137374
83,puerto ayora,-0.7393,-90.3518,20.31,92,100,1.79,EC,1723137375
84,aykhal,66.0,111.5,9.77,91,98,3.5,RU,1723137376
85,vernon,50.2581,-119.2691,26.07,29,1,0.51,CA,1723137377
86,taulaga,-11.0553,-171.0883,27.11,80,100,9.73,AS,1723137378
87,brookings,44.3114,-96.7984,18.43,53,20,9.26,US,1723137380
88,petropavlovsk-kamchatsky,53.0452,158.6483,16.33,67,75,4.0,RU,1723137381
89,garoua,9.3,13.4,29.99,57,93,1.66,CM,1723137382
90,georgetown,5.4112,100.3354,29.97,70,20,2.57,MY,1723137124
91,darwin,-12.4611,130.8418,22.99,60,9,3.09,AU,1723137119
92,la'ie,21.6477,-157.9253,25.62,79,64,1.34,US,1723137385
93,williston,48.147,-103.618,17.24,51,0,1.34,US,1723137142
94,newnan,33.3807,-84.7997,33.06,60,0,3.6,US,1723137303
95,valdivia,-39.8142,-73.2459,9.28,69,89,0.54,CL,1723136819
96,vilyuchinsk,52.9306,158.4028,14.62,86,100,2.34,RU,1723137389
97,peace river,56.2501,-117.286,20.17,68,0,1.54,CA,1723137390
98,ramadi,33.4226,43.3058,40.32,8,0,6.99,IQ,1723137391
99,city of balikpapan,-1.242,116.8942,24.47,91,100,3.11,ID,1723137393
100,ancud,-41.8697,-73.8203,8.19,73,100,1.81,CL,1723137394
101,boca do acre,-8.7522,-67.3978,31.77,47,73,2.05,BR,1723137395
102,afaahiti,-17.75,-149.2833,25.12,82,43,3.28,PF,1723137396
103,tsiombe,-25.3,45.4833,21.24,79,0,4.59,MG,1723137397
104,qionghu,28.843,112.3522,29.1,59,64,3.49,CN,1723137398
105,wau,7.7029,27.9953,25.78,66,51,2.2,SS,1723137399
106,dasht-e archi,37.1333,69.1667,31.89,13,0,0.31,AF,1723137400
107,falmouth,50.1544,-5.0711,18.7,87,100,8.23,GB,1723137401
108,anadyr,64.75,177.4833,5.28,93,75,2.0,RU,1723137402
109,kudymkar,59.0173,54.656,12.47,78,90,1.59,RU,1723137403
110,bayanhongor,46.7167,100.1167,9.16,85,100,0.79,MN,1723137404
111,awjilah,29.1081,21.2869,37.01,19,0,5.7,LY,1723137405
112,port mathurin,-19.6833,63.4167,22.41,68,29,7.53,MU,1723137407
113,minas de marcona,-15.2119,-75.1103,14.63,65,66,7.38,PE,1723137409
114,sambava,-14.2667,50.1667,22.47,81,6,6.59,MG,1723137411
115,acarau,-2.8856,-40.12,30.93,52,97,9.09,BR,1723137412
116,igarka,67.4667,86.5833,13.33,66,96,3.79,RU,1723137413
117,skovorodino,53.9833,123.9167,13.29,96,89,1.36,RU,1723137414
118,badger,64.8,-147.5333,16.95,88,100,1.54,US,1723137416
119,kristiansund,63.1115,7.732,17.36,67,40,0.51,NO,1723137417
120,pisco,-13.7,-76.2167,18.03,72,100,5.14,PE,1723137418
121,nagqu,31.5,92.0,5.92,95,100,1.28,CN,1723137419
122,macau,22.2006,113.5461,28.85,89,20,7.2,MO,1723137421
123,atafu village,-8.5421,-172.5159,28.1,79,100,9.17,TK,1723137422
124,grajau,-5.8194,-46.1386,37.34,18,2,2.63,BR,1723137423
125,shats'k,51.5021,23.9381,22.66,51,100,2.69,UA,1723137424
126,ribas do rio pardo,-20.4431,-53.7592,23.86,61,99,3.7,BR,1723137425
127,nohfelden,49.5869,7.1428,20.75,64,77,2.41,DE,1723137426
128,st. john's,47.5649,-52.7093,23.97,50,1,5.28,CA,1723137143
129,izluchinsk,60.9794,76.9242,12.63,67,100,3.81,RU,1723137428
130,bedford,52.1346,-0.4663,19.01,97,75,5.66,GB,1723137429
131,birjand,32.8663,59.2211,29.26,8,0,3.09,IR,1723137430
132,aqadyr,48.2553,72.8483,23.87,52,100,3.33,KZ,1723137431
133,udachny,66.4167,112.4,10.25,87,98,3.97,RU,1723137432
134,mhangura,-16.8939,30.1683,19.14,38,5,2.32,ZW,1723137433
135,mount gambier,-37.8333,140.7667,6.38,98,20,2.08,AU,1723137435
136,kabare,-2.4683,28.8242,20.81,48,57,1.04,CD,1723137436
137,longyearbyen,78.2186,15.6401,12.91,82,0,1.54,SJ,1723137437
138,avarua,-21.2078,-159.775,20.03,64,100,1.03,CK,1723137438
139,tutoia,-2.7619,-42.2744,29.37,59,64,5.91,BR,1723137439
140,sacaba,20.5833,-89.9833,37.61,38,81,0.74,MX,1723137440
141,filey,54.21,-0.2892,18.27,87,100,3.13,GB,1723137441
142,pikalevo,59.5183,34.1664,15.39,89,86,1.66,RU,1723137442
143,ohara,35.25,140.3833,25.98,93,4,2.8,JP,1723137443
144,tarko-sale,64.9225,77.785,13.32,57,100,6.18,RU,1723137444
145,nouadhibou,20.931,-17.0347,25.99,65,2,5.66,MR,1723137445
146,alesund,62.4723,6.1549,15.74,82,75,8.23,NO,1723137446
147,amursk,50.2261,136.8994,14.71,93,98,2.95,RU,1723137447
148,port blair,11.6667,92.75,27.02,94,40,1.03,IN,1723137449
149,mala vyska,48.6431,31.6366,26.18,31,77,4.06,UA,1723137450
150,egilsstadir,65.2653,-14.3948,8.95,87,100,4.12,IS,1723137451
151,nuuk,64.1835,-51.7216,5.34,93,75,3.09,GL,1723137452
152,hasaki,35.7333,140.8333,26.97,89,0,2.74,JP,1723137453
153,coronel vivida,-25.9797,-52.5678,14.67,98,100,1.4,BR,1723137454
154,changqing,36.5575,116.7272,26.99,81,98,0.9,CN,1723137455
155,capao bonito,-24.0058,-48.3494,29.96,25,54,4.85,BR,1723137456
156,bethel,41.3712,-73.414,20.05,89,100,3.6,US,1723137457
157,beau vallon,-20.4189,57.6953,22.13,78,75,5.66,MU,1723137458
158,qusmuryn,52.4503,64.6311,17.49,89,100,8.06,KZ,1723137459
159,crane,31.3974,-102.3501,36.24,18,0,1.41,US,1723137460
160,dryden,49.7833,-92.7503,11.16,100,100,4.63,CA,1723137178
161,siracusa,37.0881,15.2792,27.05,65,35,4.8,IT,1723137463
162,fort mcmurray,56.7268,-111.381,21.73,52,0,2.06,CA,1723137429
163,beaufort west,-32.3567,22.583,15.03,25,0,5.28,ZA,1723137465
164,kloulklubed,7.0419,134.2556,28.11,71,100,0.85,PW,1723137466
165,sinabang,2.4803,96.3801,26.06,85,100,0.79,ID,1723137467
166,tralee,52.2704,-9.7026,17.14,100,100,10.29,IE,1723137468
167,ribeira grande,38.5167,-28.7,26.22,65,20,3.09,PT,1723137469
168,chonchi,-42.6128,-73.8092,8.97,75,100,1.31,CL,1723137387
169,newcastle,-32.9272,151.7765,12.06,87,100,2.57,AU,1723137471
170,filipstad,59.7124,14.1683,19.32,62,100,3.81,SE,1723137472
171,gazli,40.1333,63.45,37.48,11,4,3.1,UZ,1723137473
172,lihue,21.9789,-159.3672,24.77,81,40,4.12,US,1723137474
173,thann,47.8167,7.0833,25.73,54,1,1.31,FR,1723137475
174,haiku-pauwela,20.9219,-156.3051,24.59,75,20,5.66,US,1723137477
175,shalqar,47.8333,59.6,25.42,49,79,5.25,KZ,1723137478
176,torghay,49.6339,63.4981,24.3,67,95,3.16,KZ,1723137479
177,xiaoweizhai,26.1903,107.5125,22.51,96,58,2.81,CN,1723137480
178,jamestown,42.097,-79.2353,24.8,83,75,7.2,US,1723137314
179,hermanus,-34.4187,19.2345,14.17,80,43,9.91,ZA,1723137451
180,manhumirim,-20.3578,-41.9581,28.25,29,1,2.33,BR,1723137483
181,caleta de carquin,-11.0925,-77.6267,18.91,73,70,4.48,PE,1723137484
182,coyotepec,19.775,-99.2072,21.26,50,9,2.41,MX,1723137485
183,puerto palomas,31.7667,-107.6167,29.93,36,97,3.84,MX,1723137486
184,hamilton,39.1834,-84.5333,29.01,70,75,3.09,US,1723137180
185,berezovyy,51.6667,135.7,16.55,98,100,1.29,RU,1723137490
186,enewetak,11.3474,162.3373,28.57,79,35,6.54,MH,1723137491
187,tolanaro,-25.0319,46.9987,21.04,83,20,10.8,MG,1723137492
188,yuzhno-kurilsk,44.0306,145.8556,18.44,100,99,2.11,RU,1723137448
189,tocopilla,-22.092,-70.1979,18.15,75,0,4.54,CL,1723137494
190,ath thawrah,35.8469,38.5443,34.63,35,0,9.67,SY,1723137495
191,shitanjing,39.2342,106.3439,18.65,84,100,8.89,CN,1723137496
192,mount pearl,47.5166,-52.7813,23.19,55,75,6.69,CA,1723137497
193,mejit,10.2753,170.8646,27.98,80,84,8.07,MH,1723137498
194,mombetsu,44.3525,143.3525,19.65,95,78,2.7,JP,1723137499
195,zhangye,38.9342,100.4517,18.57,58,95,3.74,CN,1723137501
196,greensboro,36.0726,-79.792,22.76,95,100,7.72,US,1723137207
197,picota,-6.9197,-76.3304,34.53,40,30,0.48,PE,1723137504
198,san mariano,7.5,126.0,23.16,95,100,0.9,PH,1723137505
199,ranot,7.7777,100.3213,28.32,78,76,0.9,TH,1723137506
200,nishinoomote,30.7333,131.0,29.58,76,0,5.21,JP,1723137507
201,santa ana,33.7456,-117.8678,26.58,67,20,3.09,US,1723137316
202,maragogi,-9.0122,-35.2225,25.41,74,48,6.09,BR,1723137298
203,mahur,25.1667,93.1167,21.36,95,100,1.24,IN,1723137510
204,sovetskaya,44.7769,41.1722,24.06,39,5,2.98,RU,1723137511
205,natal,-5.795,-35.2094,29.36,61,40,6.69,BR,1723137512
206,newman,37.3138,-121.0208,32.69,15,0,1.08,US,1723137452
207,kismayo,-0.3582,42.5454,24.64,76,17,6.84,SO,1723137515
208,susuman,62.7833,148.1667,8.84,86,100,1.07,RU,1723137442
209,tuy hoa,13.0833,109.3,26.71,84,22,2.15,VN,1723137517
210,weno,7.4515,151.8468,26.97,89,75,1.54,FM,1723137518
211,berlin,52.5244,13.4105,23.86,52,0,3.6,DE,1723136940
212,colares,38.7992,-9.4469,23.52,69,20,12.35,PT,1723137520
213,antigonish,45.6169,-61.9986,23.97,50,22,0.89,CA,1723137521
214,tazovsky,67.4667,78.7,9.04,71,50,6.43,RU,1723137462
215,dali,25.7,100.1833,17.99,94,45,2.39,CN,1723137523
216,mori,34.8333,137.9333,25.65,88,32,1.53,JP,1723137524
217,fale old settlement,-9.3852,-171.2468,27.97,76,93,8.4,TK,1723137439
218,pangody,65.85,74.4859,10.71,68,96,5.29,RU,1723137527
219,sosnovo-ozerskoye,52.5249,111.5418,11.22,86,11,1.4,RU,1723137528
220,mikun',62.3547,50.0771,13.92,62,1,1.87,RU,1723137529
221,seven pagodas,12.6264,80.1722,28.46,78,100,3.28,IN,1723137530
222,rice lake,45.5061,-91.7382,19.18,48,40,6.69,US,1723137531
223,stanley,54.868,-1.6985,16.21,92,75,4.12,GB,1723137532
224,nikolayevsk-on-amure,53.1406,140.73,12.78,99,100,1.37,RU,1723137533
225,hithadhoo,-0.6,73.0833,27.76,70,100,5.39,MV,1723137534
226,vila franca do campo,37.7167,-25.4333,25.63,60,0,2.13,PT,1723137535
227,qandala,11.472,49.8728,31.98,59,9,1.19,SO,1723137536
228,khandyga,62.6667,135.6,10.07,91,13,0.32,RU,1723137520
229,mimizan,44.2006,-1.2289,24.12,61,6,6.09,FR,1723137539
230,porto novo,6.4965,2.6036,26.24,69,90,4.87,BJ,1723137540
231,sao jose da coroa grande,-8.8978,-35.1478,25.7,73,45,6.38,BR,1723137541
232,tamanrasset,22.785,5.5228,34.95,10,40,3.6,DZ,1723137542
233,hobyo,5.3505,48.5268,24.79,76,70,11.57,SO,1723137537
234,pangai,-19.8,-174.35,22.06,64,20,4.63,TO,1723137544
235,tindouf,27.6711,-8.1474,47.25,6,20,2.57,DZ,1723137545
236,penal,10.1667,-61.4667,31.39,55,23,3.79,TT,1723137546
237,paradip garh,20.3167,86.6167,28.0,85,84,4.41,IN,1723137548
238,tres arroyos,-38.3739,-60.2798,6.71,72,100,5.8,AR,1723137549
239,rundu,-17.9333,19.7667,23.96,11,0,0.67,NA,1723137550
240,okakarara,-20.5833,17.4333,24.38,14,0,6.77,NA,1723137552
241,port lincoln,-34.7333,135.8667,11.68,80,100,2.03,AU,1723137553
242,wanning,18.8003,110.3967,27.05,86,4,3.91,CN,1723137554
243,sitka,57.0531,-135.33,16.94,77,20,1.54,US,1723137542
244,sangkhla buri,15.1555,98.4536,23.03,99,41,0.56,TH,1723137556
245,manadhoo,5.7667,73.3833,28.37,74,100,3.31,MV,1723137557
246,ust'-ilimsk,58.0006,102.6619,14.42,97,91,2.26,RU,1723137558
247,fang,19.9169,99.2145,22.19,97,12,0.84,TH,1723137559
248,mermoz boabab,14.7065,-17.4758,30.88,70,40,4.12,SN,1723137560
249,papao,-17.75,-149.55,25.88,83,46,5.54,PF,1723137561
250,estevan,49.1334,-102.9842,18.11,45,20,7.2,CA,1723137309
251,quellon,-43.1167,-73.6167,8.11,82,100,3.93,CL,1723137377
252,yenifakili,39.2114,35.0004,25.66,21,0,2.83,TR,1723137564
253,quatre cocos,-20.2078,57.7625,22.31,73,53,7.87,MU,1723137566
254,la passe,45.5549,-0.8967,23.01,51,43,5.1,FR,1723137433
255,steamboat springs,40.485,-106.8317,20.31,49,0,0.0,US,1723137568
256,nelson bay,-32.7167,152.15,12.84,78,100,0.45,AU,1723137569
257,vadso,70.0744,29.7487,21.09,43,0,2.57,NO,1723137570
258,utrik,11.2278,169.8474,28.28,79,35,7.86,MH,1723137428
259,iskateley,67.6803,53.1512,10.56,70,2,3.41,RU,1723137527
260,phan rang-thap cham,11.5667,108.9833,25.69,92,4,1.68,VN,1723137573
261,san rafael del yuma,18.4299,-68.6739,34.14,44,28,5.63,DO,1723137574
262,hilo,19.7297,-155.09,23.95,92,40,3.09,US,1723137575
263,punta arenas,-53.15,-70.9167,7.06,76,40,5.66,CL,1723137492
264,hotan,37.0997,79.9269,28.73,24,2,3.25,CN,1723137535
265,saldanha,-33.0117,17.9442,13.48,90,100,13.23,ZA,1723137577
266,basco,20.4487,121.9702,29.31,82,100,9.72,PH,1723137543
267,forbes,-33.3833,148.0167,8.35,80,100,0.86,AU,1723137581
268,codrington,-38.2667,141.9667,8.29,95,59,3.91,AU,1723137583
269,port douglas,-16.4833,145.4667,19.87,87,26,3.3,AU,1723137584
270,tanout,14.9709,8.8879,32.21,45,71,6.33,NE,1723137585
271,riyadh,24.6877,46.7219,38.66,10,22,4.35,SA,1723137538
272,saipan,15.1355,145.701,28.39,83,0,1.54,MP,1723137518
273,carnarvon,-24.8667,113.6333,18.36,75,0,7.82,AU,1723137530
274,chokwe,-24.5333,32.9833,24.17,39,0,3.11,MZ,1723137590
275,revda,56.801,59.9303,10.47,81,79,2.08,RU,1723137591
276,luderitz,-26.6481,15.1594,15.12,68,3,3.59,NA,1723137515
277,whitehorse,60.7161,-135.0538,19.43,52,0,5.66,CA,1723137420
278,krasnogorskoye,52.2953,86.1979,17.48,95,100,1.84,RU,1723137594
279,sheridan,44.8333,-106.9173,13.21,95,100,2.24,US,1723137595
280,happy valley-goose bay,53.3168,-60.3315,17.17,55,75,4.12,CA,1723137474
281,ebon,4.582,168.6964,27.93,75,99,3.28,MH,1723137597
282,dadukou,26.5479,101.7054,24.14,82,47,0.88,CN,1723137598
283,sampang,-7.1872,113.2394,25.98,81,60,3.44,ID,1723137599
284,port-au-prince,18.5392,-72.335,35.79,41,75,4.63,HT,1723137366
285,ta`u,-14.2336,-169.5144,24.97,77,100,10.75,AS,1723137602
286,pakxan,18.3778,103.6601,24.96,94,5,1.04,LA,1723137603
287,vorgashor,67.5833,63.95,9.92,68,45,3.72,RU,1723137530
288,touros,-5.1989,-35.4608,27.84,57,1,7.32,BR,1723137605
289,laojunmiao,39.8333,97.7333,15.06,70,45,6.7,CN,1723137606
290,kaa-khem,51.6833,94.7333,19.12,52,37,2.26,RU,1723137607
291,gwadar,25.1216,62.3254,28.18,82,87,4.22,PK,1723137608
292,tara,56.8944,74.371,11.13,78,16,2.73,RU,1723137609
293,fisterra,42.9049,-9.2629,19.93,80,0,10.55,ES,1723137611
294,puquio,-14.7,-74.1333,16.53,17,0,2.19,PE,1723137612
295,lorengau,-2.0226,147.2712,27.0,83,8,3.73,PG,1723137431
296,suizhou,31.7111,113.3631,27.98,81,74,3.19,CN,1723137614
297,lata,40.1629,-8.3327,27.31,43,0,4.3,PT,1723137530
298,krasnyy chikoy,50.3643,108.7512,14.64,85,97,0.58,RU,1723137617
299,ambalangoda,6.2355,80.0538,26.91,82,94,5.71,LK,1723137618
300,nizhnesortymskiy,62.4397,71.7603,11.54,69,100,4.15,RU,1723137619
301,grand falls-windsor,48.9332,-55.6649,18.38,52,69,4.89,CA,1723137620
302,itamaraca,-7.7478,-34.8256,26.3,70,32,5.67,BR,1723137621
303,chom thong,18.4174,98.6743,23.77,93,29,1.9,TH,1723137622
304,cabinda,-5.55,12.2,22.77,75,61,3.9,AO,1723137623
305,tofol,5.3248,163.0078,28.42,74,98,3.97,FM,1723137624
306,olonkinbyen,70.9221,-8.7187,5.23,99,100,2.35,SJ,1723137446
307,acapulco de juarez,16.8634,-99.8901,30.9,79,40,2.06,MX,1723137626
308,am timan,11.0297,20.2827,21.92,96,100,2.08,TD,1723137627
309,kodungallur,10.2167,76.2167,24.73,90,68,1.66,IN,1723137629
310,chernyshevskiy,63.0128,112.4714,16.55,66,69,1.17,RU,1723137542
311,zhelezinka,53.54,75.3072,17.0,85,70,3.78,KZ,1723137631
312,antalaha,-14.9003,50.2788,22.19,76,21,4.54,MG,1723137632
313,tobruk,32.0836,23.9764,27.66,75,0,5.29,LY,1723137633
314,hammerfest,70.6634,23.6821,24.25,43,0,7.2,NO,1723137634
315,puerto baquerizo moreno,-0.9,-89.6,20.55,94,75,4.12,EC,1723137046
316,chibougamau,49.9168,-74.3659,18.79,68,40,3.09,CA,1723137416
317,palikir - national government center,6.9248,158.1611,23.41,94,20,1.54,FM,1723137637
318,durres,41.3231,19.4414,27.05,69,29,3.61,AL,1723137639
319,yakakent,41.6325,35.5289,23.42,83,27,3.52,TR,1723137640
320,shenzhen,22.5455,114.0683,29.36,85,51,4.86,CN,1723137472
321,cidreira,-30.1811,-50.2056,14.44,78,99,3.83,BR,1723137539
322,mobaye,4.319,21.1786,26.05,76,68,1.31,CF,1723137644
323,anna regina,7.2644,-58.5077,30.16,62,68,3.79,GY,1723137645
324,greater sudbury,46.49,-80.99,23.36,48,68,2.68,CA,1723137605
325,salamanca,40.8333,-6.0,36.14,11,0,5.27,ES,1723137647
326,fort irwin,35.2627,-116.6848,33.74,18,0,0.0,US,1723137648
327,san antonio de pale,-1.4014,5.6325,22.94,79,100,3.97,GQ,1723137493
328,ghormach,35.7306,63.7826,32.37,11,0,1.59,AF,1723137650
329,tereze,43.9361,42.4434,18.26,57,89,2.48,RU,1723137651
330,constantia,44.1833,28.65,23.84,65,0,2.81,RO,1723137556
331,rio grande,-32.035,-52.0986,14.92,58,35,3.62,BR,1723137356
332,uturoa,-16.7333,-151.4333,25.54,84,94,1.75,PF,1723137561
333,lebu,-37.6167,-73.65,10.51,62,9,3.85,CL,1723137528
334,fort bragg,35.139,-79.006,27.11,82,100,6.17,US,1723137549
335,nizhniy odes,63.6445,54.856,14.42,64,6,2.05,RU,1723137541
336,lomza,53.1781,22.0593,19.59,72,100,1.46,PL,1723137659
337,hami,42.8,93.45,20.31,72,100,1.44,CN,1723137563
338,kankauli,16.2667,73.7,24.99,89,96,0.4,IN,1723137661
339,tinogasta,-28.0632,-67.5649,7.63,41,62,1.67,AR,1723137662
340,kapa'a,22.0752,-159.319,25.18,87,40,4.12,US,1723137544
341,viitasaari,63.0667,25.8667,19.84,63,0,2.03,FI,1723137664
342,tobol'sk,58.2,68.2667,12.22,64,84,3.23,RU,1723137665
343,bondo,3.8146,23.6866,25.92,65,59,1.0,CD,1723137666
344,lluta,-16.0147,-72.0142,14.08,10,0,5.27,PE,1723137667
345,katiola,8.1333,-5.1,24.64,76,100,3.54,CI,1723137668
346,juneau,58.3019,-134.4197,17.0,72,0,1.54,US,1723137670
347,zemio,5.0314,25.1361,22.44,83,34,1.29,CF,1723137671
348,nguigmi,14.2495,13.1092,32.59,47,100,3.95,NE,1723137531
349,coahuayana de hidalgo,18.7,-103.6583,33.9,52,94,1.21,MX,1723137673
350,illizi,26.4833,8.4667,41.17,7,3,5.2,DZ,1723137674
351,hwange,-18.3693,26.5019,23.7,29,0,0.97,ZW,1723137581
352,mokhsogollokh,61.4681,128.9203,9.9,77,66,0.51,RU,1723137676
353,iquique,-20.2208,-70.1431,17.0,73,15,3.14,CL,1723137237
354,nelson,-41.2833,173.2833,9.6,93,98,1.91,NZ,1723137678
355,sanya,18.2431,109.505,29.09,89,20,1.0,CN,1723137530
356,sao vicente,-23.9631,-46.3919,20.98,83,100,2.06,BR,1723137681
357,yulinshi,38.2906,109.7494,21.7,95,100,10.13,CN,1723137682
358,sofifi,0.7349,127.576,26.16,82,89,0.52,ID,1723137683
359,manteno,41.2506,-87.8314,26.17,65,75,2.68,US,1723137684
360,forster,-32.1667,152.5167,11.16,86,95,3.04,AU,1723137685
361,walvis bay,-22.9575,14.5053,14.11,70,2,5.59,NA,1723137686
362,ndjole,-0.1783,10.7649,28.86,52,92,2.0,GA,1723137687
363,santiago,-33.4569,-70.6483,13.98,54,0,1.54,CL,1723137055
364,myrina,39.8797,25.0742,28.58,45,0,2.57,GR,1723137689
365,san patricio,28.017,-97.5169,34.44,44,0,3.08,US,1723137536
366,harper,4.375,-7.7169,24.4,73,98,3.7,LR,1723137435
367,uvinza,-5.1036,30.3911,25.81,34,19,1.01,TZ,1723137692
368,okha,53.5739,142.9478,11.65,97,99,4.82,RU,1723137693
369,kingston,17.997,-76.7936,32.31,79,20,8.23,JM,1723137497
370,kathu,7.9178,98.3332,29.27,94,52,3.86,TH,1723137696
371,south hedland,-20.4089,118.5983,16.96,77,90,2.57,AU,1723137699
372,aden,12.7794,45.0367,30.02,68,4,9.09,YE,1723137557
373,mainaguri,26.5667,88.8167,26.05,92,76,1.92,IN,1723137701
374,beyneu,45.3167,55.2,29.78,37,12,7.78,KZ,1723137702
375,markaz-e woluswali-ye achin,34.1258,70.7078,28.71,70,46,2.43,AF,1723137704
376,tijucas,-27.2414,-48.6336,20.65,78,100,1.5,BR,1723137705
377,luwuk,-0.9516,122.7875,20.9,91,57,3.13,ID,1723137417
378,prince albert,53.2001,-105.7677,16.97,55,20,3.09,CA,1723137708
379,grande prairie,55.1667,-118.8027,19.1,59,0,2.57,CA,1723137646
380,east london,-33.0153,27.9116,17.52,94,40,5.66,ZA,1723137527
381,cide,41.8921,33.0044,23.1,87,0,4.58,TR,1723137712
382,turpan,42.9333,89.1667,30.25,31,48,1.72,CN,1723137713
383,yorkton,51.2167,-102.4677,16.91,59,94,5.87,CA,1723137714
384,urangan,-25.3,152.9,16.84,81,92,4.89,AU,1723137553
385,coxen hole,16.3244,-86.5366,30.6,74,40,1.54,HN,1723137717
386,egersund,58.4513,5.9997,15.94,77,48,3.95,NO,1723137718
387,talas,38.6908,35.5538,28.37,20,0,2.06,TR,1723137720
388,parthenay,46.6667,-0.4167,26.98,32,63,2.13,FR,1723137721
389,hecun,36.5333,114.1111,25.89,81,92,1.35,CN,1723137722
390,akrehamn,59.2667,5.1833,17.14,67,40,8.23,NO,1723137723
391,port alfred,-33.5906,26.891,16.77,94,0,0.89,ZA,1723137528
392,toliara,-23.35,43.6667,21.27,84,0,1.11,MG,1723137725
393,altamont,42.2068,-121.7372,24.99,42,0,1.54,US,1723137726
394,havre,49.5833,0.3333,20.87,64,100,1.54,FR,1723137727
395,taltal,-25.4,-70.4833,18.3,55,1,3.26,CL,1723137705
396,mar del plata,-38.0023,-57.5575,9.01,85,100,9.77,AR,1723137391
397,staritsa,56.5075,34.9354,16.04,93,47,2.13,RU,1723137730
398,cockburn town,21.4612,-71.1419,28.03,83,100,7.16,TC,1723137528
399,san andres,12.5847,-81.7006,29.01,84,75,2.57,CO,1723137733
400,kavaratti,10.5669,72.642,26.92,85,100,4.31,IN,1723137534
401,gornozavodsk,58.3758,58.3211,9.9,82,0,1.89,RU,1723137735
402,magadan,59.5667,150.8,11.76,95,72,2.01,RU,1723137736
403,nyandoma,61.669,40.1991,15.88,73,77,2.33,RU,1723137737
404,khovd,48.0056,91.6419,20.43,46,80,2.24,MN,1723137738
405,mogocha,53.7333,119.7667,14.44,78,96,1.4,RU,1723137529
406,kendari,-3.945,122.4989,22.12,94,13,1.08,ID,1723137740
407,vicuna,-30.0319,-70.7081,14.62,15,0,0.45,CL,1723137504
408,port shepstone,-30.7414,30.455,20.99,54,0,5.91,ZA,1723137549
409,pizarro,4.9533,-77.366,27.0,82,65,2.96,CO,1723137743
410,cill airne,52.05,-9.5167,17.03,100,100,10.29,IE,1723137744
411,page,36.9147,-111.4558,32.28,32,0,2.57,US,1723137745
412,buarcos,40.166,-8.8768,20.11,83,8,5.72,PT,1723137747
413,puerto carreno,6.189,-67.4859,32.62,57,7,1.37,CO,1723137748
414,djougou,9.7085,1.666,25.01,86,100,3.11,BJ,1723137749
415,formosa,-26.1775,-58.1781,17.76,44,26,3.58,AR,1723137525
416,vasilevo,41.4761,22.6417,31.27,33,4,4.51,MK,1723137751
417,novhorod-sivers'kyy,52.0058,33.2615,19.19,69,44,3.07,UA,1723137752
418,general conesa,-40.1,-64.4333,8.83,42,3,2.54,AR,1723137754
419,campo maior,-4.8278,-42.1686,38.5,18,98,2.01,BR,1723137755
420,kailua-kona,19.6406,-155.9956,25.98,85,100,0.0,US,1723137364
421,kikwit,-5.041,18.8162,32.97,11,22,1.73,CD,1723137757
422,tchintabaraden,15.8969,5.7985,33.48,41,83,3.97,NE,1723137758
423,larache,35.1932,-6.1557,24.68,74,20,3.83,MA,1723137760
424,banchory,57.0517,-2.4882,14.33,95,100,2.6,GB,1723137761
425,cestos city,5.46,-9.5828,24.81,74,100,3.84,LR,1723137762
426,durban,-29.8579,31.0292,21.31,60,0,5.47,ZA,1723137620
427,klyuchi,52.2667,79.1667,19.13,82,74,1.9,RU,1723137526
428,alaghsas,17.0187,8.0168,33.94,46,20,6.17,NE,1723137526
429,witu,-2.3889,40.4382,23.94,81,9,5.12,KE,1723137560
430,luga,58.7372,29.8453,18.14,72,100,1.42,RU,1723137767
431,saint-pierre,-21.3393,55.4781,21.82,78,20,8.23,RE,1723137547
432,guarapari,-20.6667,-40.4975,26.94,58,0,7.01,BR,1723137532
433,labytnangi,66.6572,66.4183,11.64,71,86,3.9,RU,1723137565
434,agadez,19.75,10.25,39.83,11,100,5.49,NE,1723137771
435,santa cruz,-17.8,-63.1667,13.7,88,75,7.2,BO,1723137169
436,novodvinsk,64.4165,40.8122,16.5,61,7,2.17,RU,1723137774
437,bridgetown,13.1,-59.6167,31.27,70,40,7.2,BB,1723137707
438,paoua,7.2427,16.4406,22.93,88,100,2.1,CF,1723137776
439,mhamid,29.82,-5.72,45.03,6,3,2.24,MA,1723137747
440,poso,-1.3959,120.7524,24.14,82,5,3.45,ID,1723137669
441,barra de santo antonio,-9.4047,-35.5072,25.21,74,68,6.05,BR,1723137779
442,vyazemskiy,47.5378,134.7525,19.6,94,100,1.37,RU,1723137780
443,enshi,30.3,109.4833,24.48,88,46,0.4,CN,1723137564
444,yoloten,37.2989,62.3597,34.78,12,0,4.86,TM,1723137783
445,callao,-12.0667,-77.15,17.16,72,100,2.57,PE,1723137255
446,prescott,34.54,-112.4685,26.23,57,0,2.68,US,1723137785
447,sokone,13.8833,-16.3667,30.01,66,79,6.01,SN,1723137786
448,barakani,-12.1356,44.4317,24.53,70,34,1.63,KM,1723137547
449,santa ana de yacuma,-13.75,-65.4333,32.97,55,75,4.12,BO,1723137789
450,pasuquin,18.3328,120.6177,26.91,85,91,4.98,PH,1723137559
451,karwar,14.8,74.1333,26.46,84,100,1.23,IN,1723137791
452,sretensk,52.2453,117.7093,16.88,73,97,0.74,RU,1723137793
453,tabas,33.5959,56.9244,42.12,9,0,4.12,IR,1723137794
454,mount pleasant,32.7941,-79.8626,29.99,84,75,5.66,US,1723137795
455,strathmore,51.0501,-113.3852,16.07,63,49,2.57,CA,1723137796
456,chegdomyn,51.1167,133.0167,15.33,98,72,1.04,RU,1723137797
457,arawa,-6.2132,155.5367,24.7,96,100,2.52,PG,1723137798
458,gadzhiyevo,69.2551,33.3362,19.41,50,96,4.62,RU,1723137538
459,chulakkurgan,43.765,69.1814,30.61,20,0,1.25,KZ,1723137801
460,yeniseysk,58.4497,92.1703,15.52,88,97,0.55,RU,1723137802
461,kayangel,8.0823,134.7173,28.14,76,100,3.42,PW,1723137695
462,arica,-18.475,-70.3042,16.13,67,100,3.6,CL,1723137684
463,dossor,47.5272,52.9811,30.06,27,23,3.73,KZ,1723137616
464,roata de jos,44.4108,25.5433,29.53,30,1,3.92,RO,1723137806
465,yambio,4.5721,28.3955,20.57,98,59,3.76,SS,1723137807
466,xianning,29.8833,114.2167,29.73,66,35,2.56,CN,1723137808
467,marka,1.7159,44.7717,24.25,84,9,7.66,SO,1723137809
468,sierra grande,-41.606,-65.3557,10.12,36,0,6.6,AR,1723137810
469,sayaxche,16.5167,-90.1667,31.78,55,96,1.81,GT,1723137811
470,ivdel',60.6911,60.4206,11.89,74,45,1.61,RU,1723137561
471,okhotsk,59.3833,143.3,13.13,82,4,0.98,RU,1723137814
472,kidal,18.4411,1.4078,36.24,30,75,4.65,ML,1723137561
473,poli,-3.3333,36.8,15.55,79,65,1.25,TZ,1723137816
474,ruiz,21.95,-105.15,31.67,66,91,0.63,MX,1723137817
475,mishkovo-pohorilove,46.9995,32.118,26.9,40,84,4.0,UA,1723137818
476,freetown,8.484,-13.2299,24.84,88,75,5.66,SL,1723137819
477,yerofey pavlovich,53.9667,121.9667,14.96,88,100,1.65,RU,1723137820
478,crucecita,-28.95,-58.9833,12.92,45,10,6.46,AR,1723137821
479,ulladulla,-35.35,150.4667,11.57,69,100,2.73,AU,1723137554
480,novyy urgal,51.0736,132.5642,15.55,99,73,1.66,RU,1723137761
481,north bend,43.4065,-124.2243,16.49,81,100,2.77,US,1723137824
482,santa marta,11.2408,-74.199,32.03,66,20,2.57,CO,1723137825
483,dzilam gonzalez,21.2833,-88.9333,34.75,44,96,1.99,MX,1723137826
484,nadi,-17.8,177.4167,20.0,73,40,1.03,FJ,1723137415
485,faya-largeau,17.9257,19.1043,26.12,77,100,6.28,TD,1723137829
486,baise city,23.8997,106.6133,29.08,99,11,1.02,CN,1723137830
487,orapa,-21.2833,25.3667,22.64,18,0,2.4,BW,1723137831
488,canutillo,31.9115,-106.6003,33.14,34,0,1.34,US,1723137832
489,letlhakeng,-24.0944,25.0298,21.08,19,0,2.41,BW,1723137833
490,mersing,2.4312,103.8405,25.95,94,20,3.09,MY,1723137834
491,perbaungan,3.5679,98.956,25.45,95,100,2.07,ID,1723137835
492,mandan,46.8267,-100.8896,16.56,59,75,8.23,US,1723137836
493,ciudad lazaro cardenas,17.9583,-102.2,31.54,62,74,0.77,MX,1723137837
494,trincomalee,8.5711,81.2335,27.46,81,100,6.42,LK,1723137838
495,caconda,-13.7333,15.0667,23.71,11,2,2.89,AO,1723137839
496,al mishkhab,31.8042,44.4911,41.05,10,0,4.5,IQ,1723137840
497,solleftea,63.1667,17.2667,19.74,77,86,3.88,SE,1723137841
498,bandon,51.7469,-8.7425,17.15,96,100,7.44,IE,1723137843
499,aquidauana,-20.4711,-55.7872,24.48,57,100,3.34,BR,1723137844
500,minas de matahambre,22.5887,-83.9447,32.62,52,13,2.36,CU,1723137845
501,kalaoa,19.7286,-155.9817,24.13,72,100,1.34,US,1723137846
502,ambovombe,-25.1667,46.0833,20.71,79,0,5.57,MG,1723137538
503,mossel bay,-34.1831,22.146,13.87,82,1,3.57,ZA,1723137848
504,kudahuvadhoo,2.6708,72.8944,27.9,67,100,1.57,MV,1723137849
505,kapit,2.0167,112.9333,23.13,99,100,0.13,MY,1723137850
506,naze,28.3667,129.4833,26.35,82,17,2.08,JP,1723137555
507,cassia,-20.5831,-46.9219,31.32,19,0,1.3,BR,1723137853
508,rio bueno,-40.3167,-72.9667,6.96,78,97,0.82,CL,1723137854
509,salalah,17.0151,54.0924,25.05,94,100,2.06,OM,1723137556
510,midvagur,62.0511,-7.1939,11.46,87,100,4.63,FO,1723137572
511,baymak,52.5933,58.3225,15.49,95,100,5.09,RU,1723137859
512,kirillov,59.863,38.3813,15.85,83,88,1.73,RU,1723137860
513,szczytno,53.5626,20.9875,22.96,64,0,2.57,PL,1723137681
514,usinsk,65.9939,57.5281,13.49,60,0,4.07,RU,1723137862
515,burang,30.25,81.1667,10.33,84,80,1.91,CN,1723137550
516,nema,57.5067,50.5011,14.42,94,99,3.68,RU,1723137864
517,komsomol'skiy,43.9783,46.6985,27.43,32,1,1.22,RU,1723137865
518,wynyard,-41.0,145.7167,9.34,94,77,2.81,AU,1723137866
519,san,13.3034,-4.8956,25.84,80,100,4.3,ML,1723137642
520,severo-yeniseyskiy,60.3725,93.0408,13.07,86,98,0.54,RU,1723137549
521,kaga bandoro,6.9896,19.1874,23.38,95,99,1.79,CF,1723137715
522,alenquer,-1.9417,-54.7383,36.64,29,16,3.05,BR,1723137817
523,selfoss,63.9331,-20.9971,11.78,75,83,2.77,IS,1723137557
524,mahanoro,-19.9,48.8,20.77,81,0,1.57,MG,1723137874
525,kaluga,54.5,35.5,16.86,87,41,2.8,RU,1723137875
526,buba,11.5833,-15.0,27.48,81,100,3.62,GW,1723137876
527,al mayadin,35.0209,40.4535,37.63,16,0,4.83,SY,1723137877
528,natchitoches,31.7668,-93.1335,32.99,55,0,0.0,US,1723137878
529,gouyave,12.1646,-61.7296,30.43,66,20,6.69,GD,1723137879
530,shenjiamen,29.9576,122.298,27.52,91,65,4.52,CN,1723137880
531,kabansk,52.0486,106.6528,14.28,77,18,1.17,RU,1723137881
532,praia da vitoria,38.7333,-27.0667,26.53,73,20,2.22,PT,1723137854
533,labrador city,52.9463,-66.9114,13.95,72,75,1.54,CA,1723137884
534,dakhla,23.6848,-15.958,25.01,69,17,12.86,EH,1723137885
535,qulsary,46.9531,54.0198,28.67,39,85,5.38,KZ,1723137886
536,jijiang,29.2906,106.2542,29.52,69,33,1.77,CN,1723137602
537,bandarbeyla,9.4942,50.8122,24.95,80,76,13.13,SO,1723137888
538,kapuskasing,49.4169,-82.4331,17.05,88,100,4.12,CA,1723137543
539,loreto,22.2667,-101.9667,25.41,39,50,3.05,MX,1723137714
540,tommot,58.9564,126.2925,10.8,84,0,1.32,RU,1723137553
541,prince rupert,54.3161,-130.3201,13.05,100,100,1.03,CA,1723137570
542,jiaozuo,35.2397,113.2331,26.04,83,66,3.44,CN,1723137896
543,angus,44.3168,-79.8829,22.35,78,85,2.57,CA,1723137897
544,peniche,39.3558,-9.3811,21.78,84,55,7.68,PT,1723137898
545,zaragoza,41.6561,-0.8773,37.67,25,0,2.06,ES,1723137633
546,chiguayante,-36.9167,-73.0167,10.29,58,0,2.57,CL,1723137901
547,guerrero negro,27.9769,-114.0611,26.49,50,0,5.14,MX,1723137552
548,navalgund,15.5667,75.3667,23.77,86,100,4.8,IN,1723137903
549,grivita,44.7333,27.2833,28.78,32,0,5.52,RO,1723137904
550,bayji,34.9311,43.487,39.9,14,0,6.94,IQ,1723137905
551,necochea,-38.5473,-58.7368,9.02,60,74,8.4,AR,1723137862
552,trinity beach,-16.7888,145.6968,20.94,83,100,4.26,AU,1723137908
553,beius,46.6667,22.35,27.67,44,40,2.16,RO,1723137909
554,sur,22.5667,59.5289,29.29,68,100,4.35,OM,1723137868
555,monrovia,6.3005,-10.7969,24.62,77,100,3.95,LR,1723137534
556,calderitas,18.55,-88.25,32.06,70,40,3.09,MX,1723137912
557,nacala,-14.5428,40.6728,22.12,86,7,2.52,MZ,1723137913
558,shush,32.1942,48.2436,41.89,9,1,5.53,IR,1723137914
559,ankang,32.68,109.0172,25.81,92,98,1.09,CN,1723137915
560,birigui,-21.2886,-50.34,33.24,19,19,6.31,BR,1723137916
561,massenya,11.4039,16.1705,25.06,84,100,1.1,TD,1723137917
562,pachino,36.7186,15.0907,27.72,71,0,5.48,IT,1723137918
563,plastun,44.7561,136.2939,19.52,89,100,2.51,RU,1723137551
564,uige,-7.6087,15.0613,28.6,27,19,2.37,AO,1723137921
565,rawson,-43.3002,-65.1023,10.6,42,6,8.39,AR,1723137922
